{"stat.walkOneCm":30977,"stat.useItem.minecraft.stone_slab":56,"stat.useItem.minecraft.sticky_piston":8,"stat.useItem.minecraft.chest":7,"stat.useItem.minecraft.lever":1,"stat.useItem.minecraft.quartz_stairs":7,"stat.leaveGame":1,"stat.useItem.minecraft.bookshelf":18,"stat.useItem.minecraft.carpet":11,"stat.useItem.minecraft.anvil":4,"stat.flyOneCm":77273,"stat.drop":2,"stat.jump":36,"stat.playOneMinute":32193,"stat.useItem.minecraft.planks":107,"stat.useItem.minecraft.banner":15,"stat.useItem.minecraft.nether_brick_stairs":10,"stat.useItem.minecraft.nether_brick":14,"stat.drop.minecraft.stained_hardened_clay":2,"stat.sneakTime":1101,"stat.useItem.minecraft.piston":5,"stat.damageDealt":30,"stat.useItem.minecraft.wool":64,"stat.useItem.minecraft.snow_layer":25,"stat.crouchOneCm":1094,"stat.timeSinceDeath":32193,"stat.useItem.minecraft.stained_hardened_clay":364,"stat.pickup.minecraft.stained_hardened_clay":2,"stat.useItem.minecraft.fence":15,"stat.pickup.minecraft.banner":1}